PLATFORM_CODE;TECH_PARAMETER_ID;DIM_LEVEL;PARAMETER_VALUE
6903186;429;1;n/a
6903187;429;1;n/a
6903181;429;1;n/a
6902837;429;1;VSF 2018
6902615;429;1;M116-1
4901423;429;1;MSM 43
6902656;429;1;VSF 2015
6903193;429;1;n/a
6903195;429;1;n/a
6903194;429;1;n/a
6903191;429;1;n/a
3902135;429;1;SO259-3
3901865;429;1;NARVAL_Leg3
6901239;429;1;RAPROCAN
6903069;429;1;BOUSSOLE
6903700;429;1;Combine2
6902810;429;1;RREX
3901922;429;1;GOUGH
6902811;429;1;RREX
3901625;429;1;MSM64
6902807;429;1;RREX
6904099;429;1;SO280
6902708;429;1;RREX-BOCATS
6903243;429;1;Eastern Mediterranean Sea
7900518;429;1;MSM82_2
7900503;429;1;MSM60-2
6902765;429;1;PROTEVSMED2017
6902764;429;1;PROTEVSMED2017
7900504;429;1;MSM60-2
7900505;429;1;MSM60-2
6900760;429;1;RADPROF0810
6900784;429;1;RADPROF0810
3901627;429;1;MSM64
6902767;429;1;PROTEVSMED2017
3901626;429;1;MSM64
6903244;429;1;Eastern Mediterranean Sea
6903019;429;1;PERLE 3
6902829;429;1;ARCTICNET AN17
4901804;429;1;ARCTICNET AN17
6903235;429;1;Ionian Sea
6903202;429;1;n/a
6902669;429;1;ARCTICNET AN17
7900516;429;1;PS117
3901978;429;1;ADRIATIC
3901644;429;1;PS117
6901254;429;1;RAPROCAN1810
7900510;429;1;PS117
3901910;429;1;AREX2017
6902833;429;1;VSF 2018 - LONGUE ROUTE
6902720;429;1;PIRATA FR27
6902721;429;1;PIRATA FR27
7900521;429;1;MSM82_2
6902799;429;1;PIRATA FR27
6902719;429;1;PIRATA FR27
6903093;429;1;SR2011
6903094;429;1;SR2011
6902798;429;1;PIRATA FR27
6902819;429;1;RREX
6903703;429;1;Combine2_2020
3901624;429;1;MSM62
6902880;429;1;Moby Dick
6902804;429;1;MOOSE
6900995;429;1;ICE-CTD
6900580;429;1;Transit Reykjavic
6900559;429;1;RHEIN
5903118;429;1;PNBOIA VI
3900793;429;1;Crucero Pelagicos1011-12
3901091;429;1;JR282
6900705;429;1;ANT-XXVII/1
6900701;429;1;ANT-XXVII/1
6900536;429;1;EGV Bonn
6900566;429;1;n/a
6900710;429;1;SAMOC
6900581;429;1;Transit Reykjavic
4901422;429;1;MSM 43
6900560;429;1;RHEIN
6900561;429;1;RHEIN
6900562;429;1;RHEIN
3901862;429;1;NARVAL_Leg3
6900557;429;1;n/a
6900558;429;1;n/a
6901493;429;1;n/a
3900794;429;1;Crucero Pelagicos1011-12
3902104;429;1;BALTIC
6900578;429;1;Transit Reykjavic
6900955;429;1;n/a
6900579;429;1;Transit Reykjavic
6900929;429;1;KEOPS II
4901426;429;1;n/a
6900556;429;1;n/a
6900571;429;1;MSM10/1
6900572;429;1;MSM10/1
6901483;429;1;n/a
6902784;429;1;NARVAL
6902735;429;1;SoCLIM
5903126;429;1;PNBOIA VI
6900911;429;1;TV_ARVOR
6902801;429;1;RREX
6901840;429;1;n/a
6901503;429;1;AMOP
6900568;429;1;OC449-02
6900567;429;1;n/a
5902268;429;1;SAMOC
6900569;429;1;OC449-02
6900570;429;1;OC449-02
3901662;429;1;MSM73
6900798;429;1;Aegir-GEO
6900799;429;1;IBEX - Inter Basin Exchange
6901242;429;1;SOCIB
6900862;429;1;342
6902649;429;1;MSM53
3901085;429;1;NOV, 2010
3901086;429;1;NOV, 2010
5902300;429;1;OVIDE
5902299;429;1;OVIDE
5902308;429;1;OVIDE
5902298;429;1;OVIDE
6900988;429;1;PIRATA FR22
6901223;429;1;n/a
6901086;429;1;P418-2
6902608;429;1;M116-1
6901909;429;1;n/a
6900921;429;1;KEOPS II
5902302;429;1;OVIDE
5902297;429;1;OVIDE
6901459;429;1;AMOP
6901222;429;1;n/a
6900839;429;1;n/a
6900743;429;1;BEAGLE
6901087;429;1;P418-2
6900829;429;1;M82-2
6900830;429;1;M82/2
6900831;429;1;M82/2
5902303;429;1;OVIDE
6902652;429;1;PIRATA FR26
5902304;429;1;OVIDE
6900925;429;1;n/a
6901022;429;1;CATARINA
6901052;429;1;342
6900907;429;1;BIFURCATION-01
6901053;429;1;342
6901054;429;1;342
6902756;429;1;RREX
6901064;429;1;85/1
3901610;429;1;JRsouth
6900904;429;1;Pandora
6900905;429;1;Pandora
6900960;429;1;Pandora
6902612;429;1;M116-1
6900900;429;1;n/a
6902714;429;1;OPPORTUNITY (SAIL) VSF
6901633;429;1;SHACKELTON
6901029;429;1;catarina
6903023;429;1;n/a
6900906;429;1;BIFURCATION-01
6901442;429;1;COLI-1207
6901063;429;1;85/1
6901407;429;1;Race for water Lorient New York
6901065;429;1;85/1
6901066;429;1;85/1
6901067;429;1;85/1
6901068;429;1;85/1
6901069;429;1;85/1
6901739;429;1;OMM-III
6901962;429;1;n/a
5902295;429;1;Pandora
7900973;429;1;PS124
1901188;429;1;PANDORA
6903278;429;1;Poseidon
6901961;429;1;n/a
6901044;429;1;n/a
6900968;429;1;SOJANA - Azores to Gibraltar
6901817;429;1;ULYSSE
6901855;429;1;n/a
6901857;429;1;n/a
6901738;429;1;OMM-III
6900965;429;1;CATARINA
6900897;429;1;ICECTD021
6901847;429;1;P468
6900497;429;1;GMMC OVIDE 2008
6900498;429;1;GMMC OVIDE 2008
3900995;429;1;GMMC DRAKE
1901469;429;1;n/a
1900276;429;1;ARGO SPAIN
1900277;429;1;ARGO SPAIN
6900957;429;1;TV_ARVOR
6900903;429;1;n/a
6900910;429;1;Race for water Lorient New York
6902766;429;1;TRANSIT TLN-PAP
6900926;429;1;PIRATA FR21
3901679;429;1;PS116
5902294;429;1;MOCOSED-SEDIMAFO
6900663;429;1;OPP BOUM
1901192;429;1;TV_ARVOR
6902553;429;1;471
5902315;429;1;MOCOSED-SEDIMAFO
6900936;429;1;SAMOC
1901204;429;1;CORYMBE
1901171;429;1;GMMC TRACK
6900959;429;1;Maxi Transatlantique Race
6902758;429;1;TV OP1 2017
6900912;429;1;Maxi Transatlantique Race
6901027;429;1;catarina
6902905;429;1;OISO
5902282;429;1;GMMC GOODHOPE 2009
1900378;429;1;Argo Costa Rica
1900379;429;1;Argo Costa Rica
6900452;429;1;GMMC OVIDE
1900599;429;1;GMMC EGEE
5902292;429;1;MOCOSED-SEDIMAFO
4901681;429;1;MSM21-2
1900608;429;1;GMMC EGEE
5902311;429;1;SECARGO
1901184;429;1;GOODHOPE 2010
5902286;429;1;GMMC GOODHOPE 2009
5902314;429;1;MOCOSED-SEDIMAFO
3901973;429;1;Adriatic Sea
6900923;429;1;GOODHOPE 2010
6900697;429;1;GMMC CANOA
1901207;429;1;GOODHOPE 2010
1900607;429;1;GMMC EGEE
1900600;429;1;GMMC EGEE
6902579;429;1;PS88/3
6900406;429;1;GMMC OVIDE
6900398;429;1;GMMC OVIDE
6900397;429;1;GMMC OVIDE
6900396;429;1;GMMC OVIDE
6900395;429;1;GMMC OVIDE
1900610;429;1;GMMC EGEE
6900473;429;1;ANT XXV/1
6901887;429;1;November 2014 KRIPIS
6901883;429;1;n/a
6901585;429;1;n/a
6900230;429;1;ARGO SPAIN
1900615;429;1;GMMC EGEE
6900400;429;1;GMMC OVIDE
1900614;429;1;GMMC EGEE
1900611;429;1;GMMC EGEE
6900958;429;1;TV_ARVOR
6900475;429;1;ANT XXV/1
5902310;429;1;SECARGO
6900909;429;1;SPOT03
6900474;429;1;ANT XXV/1
1901212;429;1;M85/1
1900612;429;1;GMMC EGEE
6901696;429;1;Barcelona World Race
6900450;429;1;GMMC OVIDE
6900451;429;1;GMMC OVIDE
6901591;429;1;RARA AVIS
5902290;429;1;opportunité
1901196;429;1;TRACK 2010
6900696;429;1;GMMC CANOA
6900472;429;1;ANT XXV/1
6900727;429;1;GMMC GOODHOPE 2009
6902805;429;1;RREX
6900665;429;1;OPP BOUM
6902583;429;1;n/a
6901548;429;1;SANAE53
6900853;429;1;Cruise ANT_XVII/2
6900984;429;1;RARA AVIS Opportunity
1900921;429;1;GMMC GOODHOPE
1900922;429;1;GMMC GOODHOPE
1901210;429;1;M85/2
1900923;429;1;GMMC GOODHOPE
1900924;429;1;GMMC GOODHOPE
6901816;429;1;n/a
3901611;429;1;JRsouth
6900992;429;1;RARA AVIS Opportunity
1900919;429;1;GMMC GOODHOPE
1900928;429;1;GMMC GOODHOPE
1900929;429;1;GMMC GOODHOPE
6900854;429;1;Cruise ANT_XVII/2
6900857;429;1;Cruise ANT_XVII/2
6900855;429;1;Cruise ANT_XVII/2
1900930;429;1;GMMC GOODHOPE
1900918;429;1;GMMC GOODHOPE
1901349;429;1;80.2
6900695;429;1;GMMC CANOA
6901007;429;1;PIRATA FR22
6900718;429;1;PIRATA FR20
6900635;429;1;MIDAS
6900662;429;1;SOCIB ICTS
6901734;429;1;VSF 2015
6901009;429;1;PIRATA FR22
6900731;429;1;ANT-XXV-2
6900724;429;1;PIRATA FR20
6901251;429;1;ARGO SPAIN
6902768;429;1;TRANSIT TLN-PAP
1901176;429;1;GOODHOPE 2010
6901008;429;1;PIRATA FR22
3900532;429;1;GMMC FLOPS
3900533;429;1;GMMC FLOPS
6902647;429;1;MSM53
6900722;429;1;PIRATA FR20
6900634;429;1;ICM (CSIC)
6900716;429;1;GOODHOPE 2010
6901506;429;1;Opportunité VSF
6900723;429;1;PIRATA FR20
6900736;429;1;ANT-XXV-2
3900531;429;1;GMMC FLOPS
7900509;429;1;PS116
6901688;429;1;n/a
3900534;429;1;GMMC FLOPS
5902281;429;1;GMMC GOODHOPE 2009
1900849;429;1;MEDARGO
6900501;429;1;GMMC PROSAT
6901689;429;1;OISO
6901584;429;1;SANAE
5902287;429;1;GMMC GOODHOPE 2009
1900852;429;1;GMMC
6904118;429;1;SO285
6900915;429;1;Boogaloo
6900659;429;1;SOCIB ICTS
6900946;429;1;CORYMBE
6901419;429;1;CORYMBE
6901252;429;1;RADMED0818
6901542;429;1;AMOP
4900301;429;1;OPP BBMoMAR
6902835;429;1;VSF 2018 - LONGUE ROUTE
6900637;429;1;GMMC OVIDE 2008
1901194;429;1;GMMC GOODHOPE 2009
6900493;429;1;GMMC OVIDE 2008
6901474;429;1;AMT22
6900768;429;1;Malaspina
6900767;429;1;Malaspina
6900856;429;1;Cruise ANT_XVII/2
6901274;429;1;Raprocan1903
6900641;429;1;GMMC OVIDE 2008
6900728;429;1;GMMC GOODHOPE 2009
5902289;429;1;GMMC GOODHOPE 2009
4900302;429;1;OPP BBMoMAR
4900303;429;1;OPP BBMoMAR
3901869;429;1;M131
4901419;429;1;n/a
3901990;429;1;PLA-POS
6901473;429;1;AMT22
6900595;429;1;M78/2
6900851;429;1;Cruise ANT_XVII/2
3902122;429;1;AMT27-DY084
6903769;429;1;XXXV Antarctica expedition
4901257;429;1;OPP MD2
6900642;429;1;GMMC OVIDE 2008
3902123;429;1;AMT27-DY084
6900771;429;1;Malaspina
3901676;429;1;MSM79
3901677;429;1;MSM79
4901254;429;1;OPP MD2
4901255;429;1;OPP MD2
1900865;429;1;GMMC
4901256;429;1;OPP MD2
1900861;429;1;GMMC
4901258;429;1;OPP MD2
6901832;429;1;AK2014-09
1901095;429;1;OPP MD2
1901096;429;1;OPP MD2
1901097;429;1;OPP MD2
1900863;429;1;GMMC
3900792;429;1;GMMC FLOPS
1900857;429;1;GMMC
1900864;429;1;GMMC
3900991;429;1;GMMC DRAKE
1900855;429;1;GMMC
6900505;429;1;GMMC PROSAT
1901092;429;1;OPP MD2
1901093;429;1;OPP MD2
3901000;429;1;GMMC DRAKE
6900504;429;1;GMMC PROSAT
6900502;429;1;GMMC PROSAT
3901872;429;1;2016618
6900503;429;1;GMMC PROSAT
1900860;429;1;GMMC
1900856;429;1;GMMC
3900791;429;1;GMMC FLOPS
1900862;429;1;GMMC
6900639;429;1;GMMC OVIDE 2008
3902124;429;1;AMT27-DY084
6900601;429;1;2010612
6900810;429;1;2010612
6900811;429;1;ARK XXV/1
1901094;429;1;OPP MD2
6900938;429;1;SAMOC
6901428;429;1;SANAE 52
3900993;429;1;GMMC DRAKE
3900994;429;1;GMMC DRAKE
3900999;429;1;GMMC DRAKE
6901583;429;1;SANAE
6900495;429;1;GMMC OVIDE 2008
6900491;429;1;GMMC OVIDE 2008
6902739;429;1;SoCLIM
6900599;429;1;ARK XXV/2
6900600;429;1;ARK XXV/2
6901427;429;1;SANAE 52
3901681;429;1;MSM79
1901172;429;1;GMMC TRACK
3900992;429;1;GMMC DRAKE
3900990;429;1;GMMC DRAKE
6900496;429;1;GMMC OVIDE 2008
6900494;429;1;GMMC OVIDE 2008
6900698;429;1;GMMC CANOA
3900526;429;1;GMMC FLOPS - Chili
6902587;429;1;n/a
6901835;429;1;REP14
5902306;429;1;OVIDE
6900852;429;1;Cruise ANT_XVII/2
6902738;429;1;SoCLIM
6901968;429;1;n/a
6901964;429;1;n/a
6900664;429;1;OPP BOUM
6900690;429;1;GMMC CANOA
6900691;429;1;GMMC CANOA
6900692;429;1;GMMC CANOA
6900693;429;1;GMMC CANOA
6901456;429;1;PIRATA FR23
6900643;429;1;GMMC OVIDE 2008
6900492;429;1;GMMC OVIDE 2008
1900278;429;1;ARGO SPAIN
1900279;429;1;ARGO SPAIN
7900513;429;1;PS117
6900597;429;1;M78/2
7900563;429;1;TRANSIT
5902305;429;1;OVIDE
6903197;429;1;Euro Fleets
6900780;429;1;Malaspina
6900708;429;1;ESSNAUT
6900786;429;1;SOCIB ICTS
6900231;429;1;ARGO SPAIN
5902313;429;1;SECARGO
6901590;429;1;RARA AVIS
6900781;429;1;Malaspina
6903196;429;1;Micromare2015
6901978;429;1;n/a
6901979;429;1;n/a
6902707;429;1;RREX-BOCATS
6902882;429;1;OVIDE 2018
6900694;429;1;GMMC CANOA
6900783;429;1;Malaspina
5902312;429;1;SECARGO
6901055;429;1;POS 423
6900914;429;1;PIRATA FR21
5902296;429;1;RARA AVIS Opportunity
1901170;429;1;GMMC TRACK
6900751;429;1;ANT-XXVII/2
6900841;429;1;n/a
6900842;429;1;n/a
5902067;429;1;SAMOC
1901169;429;1;GMMC TRACK
1901173;429;1;GMMC TRACK
7900501;429;1;M133
6900782;429;1;Malaspina
6900750;429;1;ANT-XXVII/2
6900676;429;1;OVIDE
6901834;429;1;n/a
6901619;429;1;VSF 2014
6900773;429;1;Malaspina
6901019;429;1;Corymbe
6900564;429;1;RHEIN
6900565;429;1;n/a
3901077;429;1;M77-4
6900682;429;1;n/a
6900683;429;1;n/a
6900700;429;1;GMMC CANOA
3901090;429;1;JR282
6901227;429;1;n/a
6900776;429;1;Malaspina
6900775;429;1;Malaspina
6900766;429;1;Malaspina
6900747;429;1;ANT-XXVII/2
6901814;429;1;SOChlC (PNRA)
1901175;429;1;GMMC TRACK
6901057;429;1;POS 423
3900530;429;1;GMMC_FLOPS
6900944;429;1;SPRAYALIS 02
6900840;429;1;n/a
6900850;429;1;n/a
6902740;429;1;AMT26 (JR16001)
6902736;429;1;SoCLIM
6900726;429;1;PHYSINDIEN 2011
6900752;429;1;ANT-XXVII/2
6900746;429;1;ANT-XXVII/2
6900814;429;1;2010612
6900836;429;1;n/a
6900837;429;1;n/a
3901100;429;1;JR283b
6901015;429;1;Corymbe
6900838;429;1;n/a
6900770;429;1;Malaspina
6900835;429;1;n/a
6900774;429;1;Malaspina
6900563;429;1;RHEIN
6900749;429;1;ANT-XXVII/2
6900772;429;1;RAPROCAN
6900795;429;1;n/a
3901682;429;1;MSM79
6903262;429;1;Ionian Sea
1901197;429;1;TRACK 2010
6900712;429;1;OGS 2009
6901986;429;1;PLA-POS
1901179;429;1;GMMC GOODHOPE 2009
5902283;429;1;GMMC GOODHOPE 2009
6901888;429;1;n/a
6902684;429;1;RREX-BOCATS
5902284;429;1;GMMC GOODHOPE 2009
6900971;429;1;SOJANA - Antigua to Azores
6901731;429;1;OMM-III
6900788;429;1;SOCIB ICTS
6901850;429;1;n/a
6902039;429;1;HOR510615
6902838;429;1;RARA AVIS 2019
6900796;429;1;Aegir-GEO
6901626;429;1;Opportunité VSF
6900787;429;1;SOCIB ICTS
1901195;429;1;GMMC GOODHOPE 2009
6901056;429;1;POS 423
1901183;429;1;TRACK 2010
1901180;429;1;GMMC GOODHOPE 2009
6900935;429;1;Maxi Transatlantique Race
1901200;429;1;KALIAKRA
5902285;429;1;GMMC GOODHOPE 2009
1900848;429;1;Project Pag-Konavle
6900686;429;1;n/a
6901616;429;1;PIRATA FR24
6901228;429;1;n/a
1901470;429;1;n/a
1901199;429;1;TRACK 2010
5902269;429;1;OVIDE
6900797;429;1;Aegir-GEO
5902291;429;1;Merian MSM 15/1
6902718;429;1;PROTEVS PERLE
6901615;429;1;PIRATA FR24
6901551;429;1;ALEXIC
6900966;429;1;ICE_CTD
4901410;429;1;MSM 21-2
5902293;429;1;MOCOSED-SEDIMAFO
6900777;429;1;Malaspina
5902309;429;1;OVIDE
5902307;429;1;OVIDE
6900974;429;1;ICE_CTD
6901021;429;1;CATARINA
6901598;429;1;Boogaloo
6900800;429;1;n/a
1901191;429;1;SAMOC
6900471;429;1;ANT XXV/1
6901229;429;1;n/a
4901420;429;1;n/a
5902301;429;1;OVIDE
6900896;429;1;GOODHOPE 2010
6902632;429;1;HUD2015030
6900762;429;1;RADPORF
6901224;429;1;n/a
6900922;429;1;GOODHOPE 2010
1901177;429;1;GOODHOPE 2010
1901182;429;1;GOODHOPE 2010
3901080;429;1;M77-4
6900717;429;1;GOODHOPE 2010
1901216;429;1;GOODHOPE 2010
6901243;429;1;SOCIB
6901244;429;1;SOCIB
6901247;429;1;SOCIB
6900711;429;1;GOODHOPE 2010
6900709;429;1;GOODHOPE 2010
6901434;429;1;SANAE 52
3901081;429;1;M77-4
6901433;429;1;SANAE 52
3901609;429;1;JRsouth
1901203;429;1;n/a
6901435;429;1;SANAE 52
1901201;429;1;GOODHOPE 2010
3901082;429;1;M77-4
6901831;429;1;AK2014-07-2
6901815;429;1;SOChlC (PNRA)
6901813;429;1;SOChlC (PNRA)
6901443;429;1;COLI-1207
6901481;429;1;n/a
6901480;429;1;n/a
3901087;429;1;NOV, 2010
3901084;429;1;M77-4
6900576;429;1;MSM10/1
1901185;429;1;PHYSINDIEN 2011
3901083;429;1;M77-4
6901482;429;1;n/a
6900577;429;1;MSM10/1
6902631;429;1;M120
6902606;429;1;M116-1
6902611;429;1;M116-1
6901491;429;1;ISMAR
6900978;429;1;MOCOSED
6901040;429;1;n/a
6900919;429;1;UPSEN
6900961;429;1;Maxi Transatlantique Race
6901475;429;1;AMT22
6900812;429;1;ARK XXV/1
6900813;429;1;2010612
6903203;429;1;n/a
6903587;429;1;2021205
6903034;429;1;MSM94
6903581;429;1;2021205
7900551;429;1;BAS
6903583;429;1;2021205
6903586;429;1;2021206
6903789;429;1;XXXVI Antarctic expedition
6903585;429;1;2021205
6903028;429;1;BOCATS
7900553;429;1;BAS
6903871;429;1;BOCATS
6902958;429;1;EUREC4-OA
7900579;429;1;EMB261
6902878;429;1;EUREC4-OA
6900894;429;1;M161_2
6904102;429;1;SO280
6904101;429;1;SO280
6904100;429;1;SO280
6902964;429;1;EUREC4-OA
7900572;429;1;M164
6902957;429;1;EUREC4-OA
6903773;429;1;XXXV Antarctica expedition
6903575;429;1;Cruise 2021205
6903799;429;1;-
3901686;429;1;M161
6901675;429;1;CASSIOPEE
6903271;429;1;Anemone cruise
6900969;429;1;AR 24
6901277;429;1;CANALES SUMMER 2019
6900681;429;1;n/a
1901174;429;1;GMMC TRACK
6903269;429;1;NM Deep Sea Box stations survey
6901417;429;1;Opportunity
6900673;429;1;OVIDE
6901246;429;1;RAPROCAN
6900674;429;1;BOUM
6900675;429;1;BOUM
6900677;429;1;BOUSSOLE
6900678;429;1;NAB
6900941;429;1;PIRATA FR21
6901818;429;1;ULYSSE
6900679;429;1;BOUM
6900680;429;1;n/a
6901870;429;1;Venus3 OceanCertain2015
3901089;429;1;M120
6903873;429;1;BOCATS
1900602;429;1;GMMC EGYPT
1900605;429;1;GMMC EGYPT
6904107;429;1;SO283
1900925;429;1;GMMC GOODHOPE
6900940;429;1;PIRATA FR21
1901350;429;1;80.2
6901000;429;1;MOCOSED
6901041;429;1;TOSCA2012
1901351;429;1;80.2
6901603;429;1;RREX
6902664;429;1;VSF 2015
3902130;429;1;JC159
6902759;429;1;TV OP1 2017
6902658;429;1;VSF 2015
6900982;429;1;UPSEN
6900638;429;1;GMMC OVIDE 2008
6900401;429;1;GMMC OVIDE
6900405;429;1;GMMC OVIDE
1900606;429;1;GMMC EGYPT
1900603;429;1;GMMC EGYPT
1900926;429;1;GMMC GOODHOPE
4900557;429;1;ARGO SPAIN
4900558;429;1;ARGO SPAIN
1900927;429;1;GMMC GOODHOPE
6900972;429;1;ICE_CTD
6903555;429;1;2019205
6902850;429;1;MOOSE 2019
6903558;429;1;2019205
6903559;429;1;Environmental monitoring
6901447;429;1;AX Opportunite
6900640;429;1;GMMC OVIDE 2008
6900403;429;1;GMMC OVIDE
1901187;429;1;PHYSINDIEN 2011
1900604;429;1;GMMC EGYPT
6900902;429;1;PHYSINDIEN 2011
1901202;429;1;PHYSINDIEN 2011
6902830;429;1;VSF 2017
6901544;429;1;AMOP
6902554;429;1;471
6900707;429;1;ANT-XXVII/1
6902947;429;1;PHYSINDIEN
6902812;429;1;RREX
6900954;429;1;SAMOC
6901415;429;1;Opportunity
6903247;429;1;unknown
6902942;429;1;OISO29
6901455;429;1;PIRATA FR23
1900920;429;1;GMMC GOODHOPE
1900846;429;1;PIRATA FR19
6901672;429;1;VSF 2015
6901846;429;1;P468
6900934;429;1;SAMOC
6902792;429;1;OVIDE
6901411;429;1;Opportunité VSF
5902066;429;1;SAMOC
6900699;429;1;GMMC CANOA
1900613;429;1;GMMC EGEE
6900404;429;1;GMMC OVIDE
1901198;429;1;TRACK 2010
6904086;429;1;AREX2021
7900589;429;1;MSM102
6901730;429;1;OMM-III
5902288;429;1;GMMC GOODHOPE 2009
6902711;429;1;OPPORTUNITY (SAIL) VSF
6900399;429;1;GMMC OVIDE
6900402;429;1;GMMC OVIDE
4900556;429;1;ARGO SPAIN
3901858;429;1;Transit
6901822;429;1;n/a
1901190;429;1;GOODHOPE 2010
6900794;429;1;EYE OF LEVANTINE
1900377;429;1;Argo México
1901186;429;1;PHYSINDIEN 2011
6903185;429;1;n/a
6901599;429;1;AMOP
6900449;429;1;GMMC OVIDE
1900854;429;1;GMMC
1900853;429;1;GMMC
1900859;429;1;GMMC
1900858;429;1;GMMC
3901079;429;1;M77-4
3901078;429;1;M77-4
6902578;429;1;PS88/2
6901028;429;1;catarina
6901896;429;1;ArgoCruise1
7900508;429;1;PS116
6900918;429;1;ECOAO
6901895;429;1;ArgoCruise1
1900609;429;1;GMMC EGEE
3901612;429;1;JRsouth
1900601;429;1;GMMC EGEE
6901881;429;1;n/a
6901030;429;1;catarina
3900529;429;1;GMMC FLOPS
1900275;429;1;ARGO SPAIN
3901667;429;1;MSM74
3901668;429;1;MSM74
3901669;429;1;MSM74
3901675;429;1;M148
6903230;429;1;Southern Ocean
3901655;429;1;FGS Hessen
3901932;429;1;RETRO-EZR
3901659;429;1;FGS Hessen
7900512;429;1;PS117
6902903;429;1;Bio Argo Med 2
6903229;429;1;Southern Ocean
6903578;429;1;2021205
6901775;429;1;BIO ARGO MED
6902848;429;1;PERLE 1
6903239;429;1;Tyrrhenian Sea
6903765;429;1;In transit to Egypt
3901921;429;1;RETRO-EZR
3901647;429;1;PS111
3901671;429;1;M148
6901772;429;1;BIO ARGO MED
6903236;429;1;Ionian Sea
6902763;429;1;SANAE
6902774;429;1;SANAE
6902775;429;1;SANAE
3902131;429;1;PIRATA FR28
6902776;429;1;SANAE
6902777;429;1;SANAE
6902778;429;1;SANAE
6902779;429;1;SANAE
6903237;429;1;Ionian Sea
6903568;429;1;2020608
6902780;429;1;SANAE
6902781;429;1;SANAE
6902790;429;1;OVIDE
6902782;429;1;SANAE
6902723;429;1;PIRATA FR28
7900544;429;1;M160
6203706;429;1;TRANSIT
6903705;429;1;MSC2
6903569;429;1;2020608
3902129;429;1;CAPRICORN
3902120;429;1;JC159
3902121;429;1;JC159
1901213;429;1;M85/1
6901249;429;1;M127
6900573;429;1;MSM10/1
6900574;429;1;MSM10/1
6900575;429;1;MSM10/1
6900742;429;1;BEAGLE
6900753;429;1;64PE342
6901060;429;1;85/1
6900778;429;1;Malaspina
1901209;429;1;M85/2
6900805;429;1;15AK2011183
6900858;429;1;Cruise ANT_XVII/2
6900859;429;1;Cruise ANT_XVII/2
6900861;429;1;Cruise ANT_XVII/2
6900779;429;1;Malaspina
5903129;429;1;PNBOIA XII
6900924;429;1;PIRATA FR21
6901485;429;1;n/a
6901484;429;1;n/a
6901486;429;1;n/a
6903177;429;1;n/a
1901354;429;1;MSM22
6901221;429;1;n/a
6900765;429;1;Malaspina
6901967;429;1;n/a
3901099;429;1;JR283b
6900947;429;1;Transit BTBP Physindien
6900942;429;1;PIRATA FR21
6900741;429;1;BEAGLE
1901208;429;1;RSS Discovery cruise 368
1901217;429;1;M85/1
1901218;429;1;M85/1
6901438;429;1;AMT22
5902317;429;1;n/a
1901215;429;1;M85/1
3901911;429;1;AREX2017
1901205;429;1;RRS Discovery Cruise 368
6900964;429;1;MOOSE
3901988;429;1;ALL0118
4901680;429;1;MSM21-2
4901417;429;1;n/a
6901061;429;1;85/1
1901214;429;1;M85/1
6900803;429;1;15AK2011183
6901437;429;1;AMT22
6901225;429;1;n/a
1901206;429;1;RSS Discovery cruise 368
1901211;429;1;M85/1
6901512;429;1;REY1
6901496;429;1;BOUSSOLE 137
6902906;429;1;MOANA-MATY2
6900927;429;1;KEOPS II
6900916;429;1;COCES2
6900860;429;1;Cruise ANT_XVII/2
6900685;429;1;n/a
6900956;429;1;n/a
5902316;429;1;n/a
4901418;429;1;n/a
6900895;429;1;n/a
6900868;429;1;STRATUS 11
6900769;429;1;Malaspina
6900987;429;1;PIRATA FR22
6901472;429;1;AMT22
6900986;429;1;SOSCEx 2012
6900869;429;1;STRATUS 11
6900870;429;1;STRATUS 11
6900930;429;1;KEOPS II
6901439;429;1;AMT22
6901552;429;1;ALEXIC
5902280;429;1;n/a
6902717;429;1;ASPEX
6901048;429;1;342
6901047;429;1;342
6900848;429;1;n/a
6901440;429;1;AMT22
6900908;429;1;SPRAYALIS 03
6901049;429;1;342
6900844;429;1;n/a
6901050;429;1;342
6902696;429;1;RREX-BOCATS
6900920;429;1;KEOPS II
6903176;429;1;SeaKeepers
3901631;429;1;MSM68
6901497;429;1;RHOMA 2011
6901012;429;1;ANT-XXVIII/3
5903130;429;1;OCEANO SUL
6901910;429;1;ARKXXVIII
6903173;429;1;Venus3 OceanCertain2015
6902633;429;1;HUD2015030
6900702;429;1;ANT-XXVII/1
6900973;429;1;ICE-CTD
6901965;429;1;n/a
6901038;429;1;n/a
6900871;429;1;STRATUS 11
6900703;429;1;ANT-XXVII/1
6901018;429;1;RARA AVIS Opportunity
6900875;429;1;STRATUS 11
6901410;429;1;Opportunité VSF
6900928;429;1;KEOPS II
6900937;429;1;SAMOC
6900874;429;1;STRATUS 11
6900872;429;1;STRATUS 11
6900939;429;1;MOOSE
6902896;429;1;ARCTICNET IPS18
6902897;429;1;ARCTICNET IPS18
6901011;429;1;ANT-XXVII/3
6900704;429;1;ANT-XXVII/1
6900873;429;1;STRATUS 11
6901582;429;1;n/a
6901960;429;1;15AK202062012
6902567;429;1;RV CCGS
6902572;429;1;P 7
6900967;429;1;MOCOSED
3901663;429;1;MSM73
6901963;429;1;n/a
4901414;429;1;MSM 21-2
6900931;429;1;SAMOC
7900517;429;1;PS117
6900970;429;1;AR25 Release to freedom
6901010;429;1;ANT-XXVII/3
6901001;429;1;CATARINA
3901094;429;1;JR282
3901076;429;1;M77-4
6900506;429;1;ARGO_SPAIN
6901245;429;1;SOCIB
6900713;429;1;SAMOC
6901004;429;1;OISO
6900807;429;1;n/a
6900748;429;1;ANT-XXVII/2
4901416;429;1;MSM 21-2
4901415;429;1;MSM 21-2
6901051;429;1;342
6900763;429;1;RADPROF
6901024;429;1;catarina
4901413;429;1;MSM 21-2
4901412;429;1;MSM 21-2
4901411;429;1;MSM 21-2
6900715;429;1;SAMOC
6901426;429;1;SANAE 52
6900761;429;1;RADPROF
6901546;429;1;SANAE53
6901058;429;1;n/a
6901059;429;1;n/a
6900979;429;1;MOCOSED
6901463;429;1;MOOSE GE
5903131;429;1;OCEANO SUL
6900981;429;1;MOCOSED
6900980;429;1;MOCOSED
6900899;429;1;ICECTD021
6901026;429;1;catarina
3901075;429;1;M77-4
6901023;429;1;catarina
6900706;429;1;ANT-XXVIII/3
6901628;429;1;RREX 2015
6902563;429;1;RV CCGS
6901849;429;1;n/a
6900917;429;1;UPSEN
6901436;429;1;SANAE 52
6900983;429;1;UPSEN
6901043;429;1;TOSCA2012
6900932;429;1;SAMOC
6900933;429;1;SAMOC
6900953;429;1;SAMOC
6901500;429;1;Samba section
6901025;429;1;catarina
6900714;429;1;SAMOC
6901042;429;1;TOSCA2012
1901193;429;1;RAMA Cruise
5902065;429;1;RAMA Cruise
6901959;429;1;15AK202062012
3901645;429;1;PS117
6903250;429;1;FixO3
6902941;429;1;OISO29
7900515;429;1;PS117
6902946;429;1;PHYSINDIEN
6901263;429;1;STOCA0219
6901273;429;1;RAPROCAN1810
3901992;429;1;Transit
3901993;429;1;ORANGE Transit
3901994;429;1;ORANGE-Transit
3901996;429;1;ORANGE Transit
6902871;429;1;PERLE-2
6903549;429;1;R/V Johan Hjort
6903550;429;1;R/V Johan Hjort
6903025;429;1;TONGA
6903265;429;1;CALYPSO 2019
6902962;429;1;CE-18337-PM
7900528;429;1;MSM83
6902920;429;1;TPOS
6902861;429;1;MOANA-MATY2
7900537;429;1;MSM85
6902929;429;1;PIRATA FR29
6902860;429;1;MOANA-MATY2
6902944;429;1;PERLE 3
6902873;429;1;PERLE-2
6902789;429;1;OVIDE
6902793;429;1;OVIDE
7900527;429;1;MSM83
6903065;429;1;PROTEVS GIB
6903266;429;1;CALYPSO 2019
6903698;429;1;Combine2
7900596;429;1;Monitoring 122019 (15AK3092019)
6902935;429;1;MOOSE 2019
6902842;429;1;MOOSE 2019
6903057;429;1;PIRATA FR31
7900525;429;1;MSM83
6903560;429;1;Environmental monitoring
6902936;429;1;MOOSE 2019
6902937;429;1;MOOSE 2019
6903561;429;1;Environmental monitoring
6903562;429;1;Environmental monitoring
7900532;429;1;PS120
7900542;429;1;M160
6903563;429;1;Environmental monitoring
6902943;429;1;PHYSINDIEN
7900526;429;1;MSM83
7900531;429;1;PS120
7900541;429;1;M160
7900534;429;1;PS120
7900533;429;1;PS120
6902988;429;1;TONGA
7900523;429;1;MSM83
7900520;429;1;MSM82_2
6902787;429;1;OVIDE
6903875;429;1;PIRATA FR31
6903874;429;1;PIRATA FR31
6903876;429;1;PIRATA FR31
6903877;429;1;PIRATA FR31
6903768;429;1;XXXV Antarctica expedition
6903026;429;1;OISO
6903270;429;1;NM Deep Sea Box stations survey
6903775;429;1;SANAE 59 cruise
7900595;429;1;PLA-POS
7900558;429;1;MerMet17-6
6903774;429;1;SANAE 59 cruise
6902899;429;1;Boussole
6903878;429;1;PIRATA FR31
6901255;429;1;STOCA0619
3902109;429;1;Cruise11/2020
6900553;429;1;MSM09/1
6901904;429;1;437-2
6903777;429;1;SANAE 59 cruise
6900802;429;1;n/a
6900801;429;1;n/a
6901903;429;1;437-2
6900555;429;1;MSM09/1
6900554;429;1;MSM09/1
6903767;429;1;XXXV Antarctica expedition
6903776;429;1;SANAE 59 cruise
3901685;429;1;M157
7900546;429;1;M158
6900541;429;1;M158
6902839;429;1;VSF 2019
6901985;429;1;PLA-POS
6903567;429;1;2020608
6902651;429;1;M158
6903778;429;1;SANAE 59 cruise
6902945;429;1;PROTEUS PERLE
6903707;429;1;Combine2_2021
7900545;429;1;M160
6901279;429;1;EA-RISE 2020
7900547;429;1;M158
6903022;429;1;n/a
6903704;429;1;Combine2_2020
6903805;429;1;South Adriatic OGS mooring
6903771;429;1;XXXV Antarctica expedition
7900548;429;1;M161
6902950;429;1;MADAGASCAR
6903035;429;1;BOCATS
6903580;429;1;2021205
6903579;429;1;2021205
6902951;429;1;MADAGASCAR
7900535;429;1;MSM85
6901278;429;1;EA-RISE2020
7900536;429;1;MSM85
6903770;429;1;XXXV Antarctica expedition
6903066;429;1;PROTEVS GIB
6903011;429;1;PIRATA FR30
6903865;429;1;15AK3092019
6903020;429;1;PIRATA FR30
7900543;429;1;M160
7900561;429;1;M160
6903009;429;1;NARVAL
7900538;429;1;M161
3901687;429;1;M161
6903791;429;1;XXXVI Antarctic expedition
7900539;429;1;unknown
6903570;429;1;2020616
7900570;429;1;M164
7900569;429;1;M164
7900568;429;1;M164
6903070;429;1;SWINGS
6902972;429;1;M164
6902973;429;1;M164
6903867;429;1;Monitoring 112020 (15AK3112020)
6902974;429;1;M164
6903043;429;1;VENDEE GLOBE
7900567;429;1;M164
7900573;429;1;M164
6903030;429;1;MSM94
6902975;429;1;M164
6903044;429;1;VENDEE GLOBE
6903032;429;1;MSM94
6902978;429;1;M164
6903781;429;1;CNR mooring cruise
6902997;429;1;MICROBIOMES
6903793;429;1;XXXVI Antarctic expedition
6904117;429;1;EMB256
6902970;429;1;MSM94
6903574;429;1;Cruise 2020616
6902960;429;1;MICROBIOMES
6903027;429;1;ARCTIC RACE
6903029;429;1;MSM94
6901604;429;1;M164
6901756;429;1;M164
6902971;429;1;M164
6903577;429;1;2021205
6902976;429;1;MSM94
6904065;429;1;CANALES SUMMER 2020
3902107;429;1;AREX2019
6900764;429;1;Malaspina
3901601;429;1;HUD2016027
3901974;429;1;Alboran Sea
6900877;429;1;P471
3902108;429;1;AREX2019
6901755;429;1;BOCATS - RREX
6902916;429;1;TV ATLANTIQUE
6902803;429;1;MOOSE
6902762;429;1;PIRATA FR27
6903783;429;1;CNR transect
6902760;429;1;TV OP1 2017
6902773;429;1;MOOSE
6901760;429;1;BOCATS - RREX
6901762;429;1;BOCATS - RREX
3901630;429;1;MSM64
6904097;429;1;SO280
3901838;429;1;M129
6902856;429;1;MOANA MATY
6901457;429;1;BOCATS - RREX
6902915;429;1;TV ATLANTIQUE
6900785;429;1;RADPROF0810
6903552;429;1;Hydrographic sections
6901753;429;1;BOCATS - RREX
6901754;429;1;BOCATS - RREX
6900975;429;1;UPSEN 2
3901854;429;1;MN159
6903214;429;1;n/a
6903215;429;1;n/a
3901628;429;1;MSM64
6902741;429;1;AMT26
6903211;429;1;XXXII Italian Antarctic Cruise
6902859;429;1;MOANA MATY
3901846;429;1;M131
3901855;429;1;ARGO BG-18
6900892;429;1;M158
6903213;429;1;XXXII Italian Antarctic Cruise
3901870;429;1;M131
6903212;429;1;XXXII Italian Antarctic Cruise
6901248;429;1;RAPROCAN
3901866;429;1;M131
3901903;429;1;M133
7900499;429;1;M133
3901877;429;1;Transit
3901853;429;1;DEKOSIM CILICIAN BASIN PROJECT
3901842;429;1;M131
3901843;429;1;M131
3901918;429;1;SANAE
3901844;429;1;M131
3901919;429;1;SANAE
3901633;429;1;MSM68
3901923;429;1;SANAE
3901924;429;1;SANAE
3901920;429;1;SANAE
3901852;429;1;DEKOSIM BLACK SEA PROJECT
3901646;429;1;PS111
6902827;429;1;Unknown
3901867;429;1;M131
3901890;429;1;POSEIDON
6902754;429;1;RREX
6902831;429;1;VSF 2017
6902666;429;1;ARCTICNET AN17
6901281;429;1;Canales Autumn 2020
6903699;429;1;Combine2
4901805;429;1;ARCTICNET AN17
3901933;429;1;Transit
3901634;429;1;M140
6903018;429;1;PERLE 3
6902750;429;1;RREX
6902934;429;1;PIRATA FR29
6903024;429;1;TONGA
7900511;429;1;PS117
6902757;429;1;SOMOVAR
6902731;429;1;PIRATA FR28
6903782;429;1;-
3901598;429;1;Planet
3901606;429;1;JRsouth
3901623;429;1;PS106.1
3901597;429;1;M140
6901250;429;1;ARGO SPAIN
6902771;429;1;SOMOVAR
6902772;429;1;SOMOVAR
3901620;429;1;PS106.1
6904112;429;1;MSM102
3901621;429;1;PS106.1
3901619;429;1;PS106.1
6902724;429;1;PIRATA FR28
6902746;429;1;SOMOVAR
3901975;429;1;Tyrrhenian Sea
6901747;429;1;OPPORTUNITY
6903792;429;1;XXXVI Antarctic expedition
3901652;429;1;PS111
3901657;429;1;FSG Hessen
6902844;429;1;PROTEVS SWOT
6901746;429;1;OPPORTUNITY
6902989;429;1;TONGA
3901637;429;1;EN606
6902939;429;1;OISO29
3901639;429;1;EN606
6903557;429;1;2019205
3901649;429;1;PS111
3901638;429;1;EN606
3901656;429;1;FGS Hessen
3901926;429;1;Transit
3902133;429;1;BALTIC
3902100;429;1;Baltic Cruise
7900571;429;1;M164
6902036;429;1;Baltic Cruise
6903564;429;1;2019211
6902748;429;1;PIRATA BR
6903254;429;1;Southern Ocean
3901643;429;1;MSM68-2
6903553;429;1;2019205
3901670;429;1;M148
6903554;429;1;2019205
6903261;429;1;Southern Sector Pacific Ocean
3902101;429;1;BALTIC
6901657;429;1;Bio Argo Med 2
6904115;429;1;MSM102
6903242;429;1;South-West of Malta
7900566;429;1;MSM94
6901270;429;1;RADMED0818
6902752;429;1;OVIDE 2018
3902127;429;1;RADPROF0818
6902802;429;1;OVIDE
6901267;429;1;TUNIBAL
6902751;429;1;RREX
6902869;429;1;OVIDE
6902868;429;1;OVIDE
6903071;429;1;SO280
3902103;429;1;AREX2018
3902102;429;1;AREX2018
6902968;429;1;BOUSSOLE
6902836;429;1;VSF 2018 - LONGUE ROUTE
6901601;429;1;OVIDE 2018
6902921;429;1;TPOS
6902849;429;1;ARGOMEX
6902855;429;1;ARGOMEX
6903257;429;1;Southern Sector Pacific Ocean
6902912;429;1;NARVAL HYDRO 2018
6902851;429;1;ARGOMEX
6902864;429;1;OBLADY
6902910;429;1;NARVAL HYDRO 2018
6902884;429;1;OBLADY
6901264;429;1;STOCA0618
6902863;429;1;OBLADY
6901260;429;1;STOCA0618
6901266;429;1;BATHYPELAGIC
6901265;429;1;BATHYPELAGIC
6902852;429;1;ARGOMEX
6901256;429;1;BATHYPELAGIC
6901258;429;1;BATHYPELAGIC
6901262;429;1;BATHYPELAGIC
6901253;429;1;BATHYPELAGIC
6903091;429;1;PIRATA FR31
6902853;429;1;ARGOMEX
6902911;429;1;NARVAL HYDRO 2018
6902865;429;1;OBLADY
3902134;429;1;BALTIC BOTHNIAN
7900557;429;1;MerMet17-6
6902857;429;1;MOANA MATY
6902854;429;1;ARGOMEX
6902954;429;1;MOOSE 2019
6902862;429;1;OBLADY
6902788;429;1;OVIDE
6902908;429;1;MOANA MATY
3902106;429;1;BALTIC
6900893;429;1;M158
6902847;429;1;PROTEVS PERLE
6902874;429;1;PROTEVS PERLE
6902845;429;1;PROTEVS PERLE
6902846;429;1;PROTEVS PERLE
3901977;429;1;Eastern Mediterranean Sea
6902872;429;1;PROTEVS PERLE
6903695;429;1;Cruise 05 - Paleo cruise
6903052;429;1;SAGA 10W
3901976;429;1;Aegean Sea
3901680;429;1;PS116
6902786;429;1;OVIDE
6902791;429;1;OVIDE
6902928;429;1;PIRATA FR29
6902727;429;1;AN1902B
7900586;429;1;EMB261
7900587;429;1;EMB261
6902900;429;1;PROTEVS PERLE
6902904;429;1;PROTEVS PERLE
6902902;429;1;PROTEVS PERLE
6903245;429;1;Eastern Mediterranean Sea
6902940;429;1;OISO29
6902797;429;1;VSF 2019
6902843;429;1;RARA AVIS 2019
6902918;429;1;TPOS
4901806;429;1;ARCTICNET AN1902a
6902952;429;1;AN1902B
6903260;429;1;Levantine basin
6903251;429;1;Southern Ocean
6903259;429;1;Levantine basin
6901880;429;1;Southern Ocean
6903252;429;1;Southern Ocean
6901268;429;1;Poseidon
6903268;429;1;In transit to Egypt
6903253;429;1;Southern Ocean
7900522;429;1;MSM82_2
6902967;429;1;ARCTICNET AN1902a
6902955;429;1;PIRATA FR29
6901272;429;1;Poseidon
6902986;429;1;TONGA
6901275;429;1;Canales0219
6904108;429;1;SO283
7900554;429;1;BAS
6903053;429;1;PIRATA FR31
6902985;429;1;TONGA
6902917;429;1;TPOS
6902949;429;1;MADAGASCAR
6903075;429;1;RAPROCEAN
6901261;429;1;RAPROCAN1911
6902875;429;1;PERLE2
6902909;429;1;MOANA-MATY2
6902925;429;1;TPOS
6902933;429;1;PIRATA FR29
6902924;429;1;TPOS
6902870;429;1;PERLE2
6903076;429;1;RAPROCEAN
6902923;429;1;TPOS
3901093;429;1;JR282
6900865;429;1;342
6901838;429;1;n/a
6900878;429;1;ARK-XXVI (leg 3)
6900880;429;1;ARK-XXVI (leg 3)
6900881;429;1;ARK-XXVII (leg 1)
6900882;429;1;ARK-XXVII (leg 1)
6900883;429;1;ARK-XXVII (leg 1)
6900884;429;1;ARK-XXVII (leg 1)
6900885;429;1;ANT-XXIX (leg 2)
6900888;429;1;ANT-XXIX (leg 2)
7900344;429;1;ANT-XXVII (leg 2)
7900357;429;1;ANT-XXIX (leg 2)
7900359;429;1;ANT-XXIX (leg 2)
7900361;429;1;ANT-XXIX (leg 2)
7900362;429;1;ANT-XXIX (leg 2)
7900363;429;1;ANT-XXIX (leg 2)
7900364;429;1;ANT-XXIX (leg 2)
7900365;429;1;ANT-XXIX (leg 2)
7900366;429;1;ANT-XXIX (leg 2)
7900367;429;1;ANT-XXIX (leg 2)
7900368;429;1;ANT-XXIX (leg 2)
7900369;429;1;ANT-XXIX (leg 2)
7900370;429;1;ANT-XXIX (leg 2)
7900372;429;1;ANT-XXIX (leg 2)
7900373;429;1;ANT-XXIX (leg 2)
7900374;429;1;ANT-XXIX (leg 2)
7900375;429;1;ANT-XXIX (leg 2)
7900376;429;1;ANT-XXIX (leg 2)
7900377;429;1;ANT-XXIX (leg 2)
7900378;429;1;ANT-XXIX (leg 2)
7900379;429;1;ANT-XXIX (leg 2)
7900380;429;1;ANT-XXIX (leg 2)
3900996;429;1;GMMC DRAKE
7900291;429;1;ANT-XVIII/3
6901062;429;1;85/1
6901230;429;1;n/a
7900381;429;1;ANT-XXIX (leg 2)
6901429;429;1;SANAE 52
6901431;429;1;SANAE 52
3901095;429;1;JR282
7900382;429;1;ANT-XXIX (leg 2)
7900383;429;1;ANT-XXIX (leg 2)
7900384;429;1;ANT-XXIX (leg 2)
7900385;429;1;ANT-XXIX (leg 2)
7900400;429;1;ANT-XXIX (leg 2)
7900401;429;1;ANT-XXIX (leg 2)
7900402;429;1;ANT-XXIX (leg 2)
6901446;429;1;AX Opportunite
7900403;429;1;ANT-XXIX (leg 2)
7900404;429;1;ANT-XXIX (leg 2)
7900406;429;1;ANT-XXIX (leg 2)
7900407;429;1;ANT-XXIX (leg 2)
7900408;429;1;ANT-XXIX (leg 2)
7900409;429;1;ANT-XXIX (leg 2)
7900410;429;1;ANT-XXIX (leg 2)
7900411;429;1;ANT-XXIX (leg 2)
7900412;429;1;ANT-XXIX (leg 2)
7900413;429;1;ANT-XXIX (leg 2)
7900414;429;1;ANT-XXIX (leg 2)
7900464;429;1;PS103
7900467;429;1;PS103
7900468;429;1;PS103
7900471;429;1;PS103
7900472;429;1;PS103
7900473;429;1;PS103
7900488;429;1;PS103
7900489;429;1;PS103
7900492;429;1;PS103
6901444;429;1;SANAE 52
6901432;429;1;SANAE 52
6901409;429;1;Opportunité VSF
6901412;429;1;Opportunité VSF
6900849;429;1;n/a
6900843;429;1;n/a
3901635;429;1;M140
6900757;429;1;64PE342
6901414;429;1;Opportunité VSF
6900758;429;1;64PE342
6903766;429;1;Cruise 15AK2019309
6901821;429;1;Transfer ViboValentiaToBrindisi
7900420;429;1;JR283c
3901101;429;1;JR283b
6900754;429;1;64PE342
6900755;429;1;64PE342
3901092;429;1;JR282
6900867;429;1;342
6901856;429;1;n/a
6900759;429;1;64PE342
6902639;429;1;RRS JCR
6901070;429;1;85/1
6900756;429;1;64PE342
6900863;429;1;342
6900864;429;1;342
6901488;429;1;n/a
6901083;429;1;n/a
6900952;429;1;Transit BTBP Physindien
6901413;429;1;Opportunité VSF
6901408;429;1;Opportunité VSF
6902716;429;1;ASPEX
6900991;429;1;Gough Island Supply Cruise
6901563;429;1;PIRATA FR25
6901820;429;1;n/a
6900913;429;1;UPSEN2
3900997;429;1;PIRATA FR19
6901966;429;1;n/a
6901084;429;1;n/a
6901451;429;1;PIRATA FR23
5902279;429;1;n/a
6902566;429;1;RV CCGS
6901984;429;1;n/a
7900293;429;1;ANT-XVIII/3
3901664;429;1;MSM73
7900295;429;1;ANT-XVIII/3
6901016;429;1;Corymbe
7900292;429;1;ANT-XVIII/3
6901545;429;1;GMMC_SRI LANKA
7900294;429;1;ANT-XVIII/3
6900730;429;1;ANT-XXV-2
6900989;429;1;Gough Island Supply Cruise
7900387;429;1;ANT-XVIII/3
6903275;429;1;n/a
6901620;429;1;VSF 2015
6904110;429;1;MSM102
6901621;429;1;VSF
6901445;429;1;AX Opportunite
6901422;429;1;SANAE 52
6901423;429;1;SANAE 52
6901424;429;1;SANAE 52
6901425;429;1;SANAE 52
6901452;429;1;PIRATA FR23
6901495;429;1;n/a
6901077;429;1;436
3901102;429;1;JR283b
6901489;429;1;n/a
6901079;429;1;436
6901217;429;1;n/a
1901356;429;1;MSM22
6901492;429;1;n/a
3901096;429;1;JR283b
6901448;429;1;AX Opportunite
3902126;429;1;RAPROCAN 0418
6901625;429;1;VSF 2015
6901218;429;1;KN 207-1
6901511;429;1;DEWEX LEG1
6901032;429;1;BOUSSOLE
3901678;429;1;PS116
1901355;429;1;MSM22
6901080;429;1;436
6901494;429;1;n/a
6901453;429;1;PIRATA FR23
3901001;429;1;GMMC DRAKE
3901097;429;1;JR283b
6901078;429;1;436
7900590;429;1;AK2013-08-03
3901999;429;1;SANAE 60
6901490;429;1;ISMAR
6901002;429;1;GMMC_SRI LANKA
6900996;429;1;GMMC_SRI LANKA
6901541;429;1;GMMC_SRI LANKA
6901644;429;1;n/a
6900537;429;1;EGV Bonn
6901510;429;1;MEDSEA 2013
6901879;429;1;MEDOCC14
6900660;429;1;SOCIB ICTS
6900734;429;1;ANT-XXV-2
6901085;429;1;KN 207-1
6901241;429;1;RAPROCAN
6901082;429;1;436
6901454;429;1;PIRATA FR23
6901237;429;1;Argo SPAIN
6901081;429;1;436
6900789;429;1;Argo SPAIN
6901869;429;1;BIOARGOMED
6901645;429;1;n/a
3901098;429;1;JR283b
6901826;429;1;COCOPRO13
6901827;429;1;COCOPRO13
3901995;429;1;ORANGE-Transit
6900535;429;1;EGV Bonn
6901579;429;1;OISO
6900534;429;1;EGV Bonn
6901627;429;1;Geovide 2014
6900994;429;1;RHOMA 2011
6900962;429;1;ASPEX
6901509;429;1;Opportunité VSF
6903296;429;1;HIMIOFOTS Oceanographic Cruise
6901220;429;1;KN 207-1
6901219;429;1;KN 207-1
6901035;429;1;SANAE53
6901561;429;1;SRI LANKA 2014
6901578;429;1;SANAE
6901587;429;1;PHYSINDIEN 2014
6900993;429;1;RHOMA 2011
6901549;429;1;SANAE53
6900901;429;1;MOCOSED-SEDIMAFO
6900735;429;1;ANT-XXV-2
6901006;429;1;PIRATA FR22
6901226;429;1;n/a
6901462;429;1;MEDOCC 14
6901507;429;1;Opportunité VSF
6901586;429;1;PHYSINDIEN 2014
6901765;429;1;BIOARGOMED
6901825;429;1;CYBO-OCB-7
6901824;429;1;CYBO-OCB-7
6900533;429;1;EGV Bonn
6900540;429;1;EGV Bonn
6902565;429;1;RV CCGS
6901550;429;1;SANAE53
3901683;429;1;MSM79
6902932;429;1;ASPEX 2018
6901768;429;1;BIOARGOMED
6901014;429;1;RARA AVIS Opportunity
6901769;429;1;BIOARGOMED
6901766;429;1;BIOARGOMED
6901969;429;1;n/a
7900415;429;1;JR283c
7900417;429;1;JR283c
7900416;429;1;JR283c
6901828;429;1;AK102013-B
7900418;429;1;JR283c
6901771;429;1;BIOARGOMED
6901238;429;1;RAPROCAN
6901770;429;1;BIOARGOMED
6900963;429;1;ASPEX
6901033;429;1;SANAE53
6901501;429;1;SANAE53
6901897;429;1;n/a
6901898;429;1;n/a
6901547;429;1;n/a
6901013;429;1;Samba section
6901020;429;1;Samba section
1901178;429;1;Goodhope
6901882;429;1;n/a
6901659;429;1;THOT 0CT-2015
6903788;429;1;MREP20
6901662;429;1;n/a
6901773;429;1;BIOARGOMED
6902701;429;1;NA
6901543;429;1;SANAE53
6901661;429;1;n/a
6900997;429;1;Goodhope
6902564;429;1;RV CCGS
6903772;429;1;XXXV Antarctica expedition
6901848;429;1;P468
6901741;429;1;OMM-III
6901555;429;1;RARA AVIS
6900999;429;1;Catharina
6901556;429;1;RARA AVIS
6901416;429;1;Opportunité
6901837;429;1;n/a
6901613;429;1;PIRATA FR24
6901504;429;1;AMOP
6901458;429;1;AMOP
6901477;429;1;RHOMA-AUV2012
6901421;429;1;ASPEX 2012
6901420;429;1;ASPEX 2012
6901829;429;1;ADREX2014
6901830;429;1;ADREX2014
6901606;429;1;n/a
6901571;429;1;PROTEVS2013
6902732;429;1;MOOSE GE
6901877;429;1;n/a
6901566;429;1;GMMC-GEOVIDE
6901614;429;1;PIRATA FR24
6901572;429;1;PROTEVS2013
6901508;429;1;Opportunite VSF
6901594;429;1;RREX 2015
6901565;429;1;GMMC-GEOVIDE
6901612;429;1;PIRATA FR24
6901836;429;1;REP14
6902634;429;1;HUD2015030
6900539;429;1;EGV Bonn
6901568;429;1;GMMC-GEOVIDE
6900538;429;1;EGV Bonn
6903175;429;1;SeaKeepers
6902733;429;1;MOOSE GE
6901663;429;1;OUTPACE
6901839;429;1;SERIOUS GAMES 1
6901660;429;1;OUTPACE
6901513;429;1;MEDSEA 2013
6901529;429;1;MEDSEA 2013
6901516;429;1;REY1
6901502;429;1;AMOP
6901461;429;1;AMOP
6901667;429;1;OUTPACE
6901034;429;1;SANAE53
6901600;429;1;SOMBA
6903279;429;1;Poseidon
6901605;429;1;ADREX-2014
6901647;429;1;GEOVIDE
6901553;429;1;ALEXIC
6901664;429;1;OUTPACE
6901666;429;1;OUTPACE
6901860;429;1;n/a
7900419;429;1;JR283c
6902646;429;1;MSM53
3902110;429;1;BALTIC
6901517;429;1;REY1
6901017;429;1;RARA AVIS Opportunity
1901358;429;1;n/a
6901518;429;1;REY1
6901520;429;1;REY1
6901524;429;1;HUD2013008
6902966;429;1;EUREC4-OA
1901360;429;1;M107
1901361;429;1;M107
1901362;429;1;M107
1901363;429;1;M107
6901031;429;1;Proteus-Dunes
3901661;429;1;MSM73
6901669;429;1;OUTPACE
1901365;429;1;M107
6902922;429;1;TPOS
6903172;429;1;Venus3 OceanCertain2015
1901364;429;1;M107
6902645;429;1;MSM53
6901668;429;1;OUTPACE
6901525;429;1;HUD2013008
6903784;429;1;-
3902112;429;1;AREX2020
3902111;429;1;AREX2020
6903565;429;1;2020608
7900556;429;1;MerMet17-6
6903798;429;1;SANAE, South Africa-Weddel Sea
6903061;429;1;MOOSE
6903095;429;1;SO283
6902984;429;1;PIRATA FR30
6903096;429;1;SO283
6902996;429;1;MICROBIOMES
6903797;429;1;SANAE, South Africa-Weddel Sea
6903796;429;1;SANAE, South Africa-Weddel Sea
4101762;429;1;TRANSIT
6902841;429;1;RARA AVIS 2019
6902983;429;1;PIRATA FR30
7900552;429;1;BAS
6903790;429;1;XXXVI Antarctic expedition
6903566;429;1;2020608
7900580;429;1;EMB261
6903556;429;1;2020608
6903056;429;1;PIRATA FR31
7900555;429;1;BAS
6901576;429;1;n/a
6901651;429;1;GEORGIE DU SUD 2014
6901646;429;1;GEOVIDE
6901650;429;1;JR311
6901654;429;1;JR311
6901569;429;1;GMMC-GEOVIDE
6901862;429;1;OGS-Esplora
6901866;429;1;15AK2015-248
6901863;429;1;BIOARGOMED
6901687;429;1;OUTPACE
6901235;429;1;ARKXXVIII
6901575;429;1;sanae
6901864;429;1;BIOARGOMED
6901519;429;1;REY1
6901577;429;1;Duba
6901764;429;1;BIOARGOMED
6902667;429;1;GREENEDGE
4901803;429;1;GREENEDGE
6901767;429;1;BIOARGOMED
4901801;429;1;GREENEDGE
4901802;429;1;GREENEDGE
6902668;429;1;GREENEDGE
6902700;429;1;OSCAHR
6901617;429;1;PIRATA FR24
6901573;429;1;Duba
6901656;429;1;OUTPACE
6901681;429;1;ASPEX 2014
6901682;429;1;ASPEX 2014
6902679;429;1;ASPEX
6902734;429;1;SoCLIM
6901514;429;1;REY1
6901515;429;1;REY1
6901528;429;1;MEDSEA 2013
6901658;429;1;OUTPACE
6901460;429;1;MOOSE GE
6901521;429;1;HUD2013008
6902742;429;1;SOCLIM
6902743;429;1;SOCLIM
6901522;429;1;HUD2013008
6901523;429;1;HUD2013008
6901648;429;1;n/a
6901861;429;1;n/a
6901653;429;1;MOOSE GE 2014
6901655;429;1;n/a
6901776;429;1;Recup 64b
6901865;429;1;n/a
6901649;429;1;MOOSE GE 2014
6901580;429;1;OISO
6901527;429;1;HUD2013008
6901574;429;1;OISO
6901581;429;1;OISO
1901359;429;1;n/a
6901526;429;1;HUD2013008
3901640;429;1;EN606
6901670;429;1;OUTPACE
6900725;429;1;PIRATA FR20
6901671;429;1;OUTPACE
6900720;429;1;PIRATA FR20
6901564;429;1;GEOVIDE
6900740;429;1;ANT-XXV-2
6900739;429;1;ANT-XXV-2
6902678;429;1;ASPEX
6901231;429;1;n/a
6901232;429;1;n/a
6901567;429;1;GEOVIDE
1901357;429;1;n/a
6901589;429;1;GEOVIDE
1901181;429;1;GOODHOPE
6901554;429;1;Opportunite VSF
6903012;429;1;ASPEX
6901690;429;1;GOODHOPE
6903174;429;1;n/a
6900476;429;1;ANT XXV/1
7900592;429;1;AK2013-12
7900591;429;1;AK2013-12
6901593;429;1;POURQUOI PAS ?
6902546;429;1;2014201
6901692;429;1;TICMOC
6901570;429;1;GEOVIDE
6902547;429;1;2014201
6901236;429;1;ARKXXVIII
6901679;429;1;OUTPACE
6901907;429;1;ARKXXVIII
6901680;429;1;OUTPACE
6901450;429;1;opportunité
6901466;429;1;SOMBA
6901596;429;1;SOMBA - GE 2014
6901630;429;1;SHACKELTON
6902616;429;1;HE451.2
6902866;429;1;ASPEX 2017
6901608;429;1;n/a
6901607;429;1;n/a
6901559;429;1;SRI LANKA 2014
6901560;429;1;SRI LANKA 2014
6901233;429;1;n/a
6901234;429;1;n/a
6900733;429;1;ANT-XXV-2
6901697;429;1;TICMOC
6903571;429;1;2020608
4901428;429;1;M119
6903013;429;1;ASPEX
6901908;429;1;ARKXXVIII
6902575;429;1;P 7
6901981;429;1;n/a
6901982;429;1;n/a
6902574;429;1;237
6902552;429;1;471
6902571;429;1;P 7
6901974;429;1;ANT-XXX/2
6901983;429;1;n/a
6901890;429;1;n/a
6901885;429;1;October 2014 KRIPIS
6901871;429;1;n/a
6901872;429;1;n/a
6901873;429;1;n/a
6901558;429;1;SRI LANKA 2014
6901695;429;1;TICMOC
6901889;429;1;n/a
6901884;429;1;October 2014 KRIPIS
6902584;429;1;n/a
6901629;429;1;SHACKELTON
6902573;429;1;237
6904135;429;1;SO285
6901441;429;1;Strasse
6901468;429;1;Strasse
6901698;429;1;TICMOC
6901597;429;1;transit
6901699;429;1;TICMOC
6901478;429;1;Proteus dunes
6901465;429;1;MOOSE-GE2014
6901464;429;1;MOOSE GE
6901003;429;1;opportunité VSF
6901691;429;1;Barcelona World Race
6901685;429;1;Barcelona World Race
6901874;429;1;n/a
6901875;429;1;n/a
6901684;429;1;Barcelona World Race
6901845;429;1;n/a
6902576;429;1;P 7
6901823;429;1;n/a
6901683;429;1;Barcelona World Race
6901498;429;1;MoMARSAT
6901479;429;1;Proteus dunes
6901240;429;1;RAPROCAN
6902840;429;1;JACQUES VABRE 2019
6901763;429;1;OVIDE 2018
6901623;429;1;Opportunity
7900498;429;1;M133
6901876;429;1;n/a
6901867;429;1;Haifa University 07
6903276;429;1;n/a
6901740;429;1;OMM-III
6903280;429;1;Poseidon
6901693;429;1;Barcelona World Race
6902628;429;1;N/A
6902568;429;1;BioArgoMed
6901980;429;1;n/a
6902898;429;1;PROTEVS PERLE
6900889;429;1;PS88.2
6902627;429;1;N/A
6901562;429;1;SRI LANKA 2014
6901634;429;1;SANAP3
6901635;429;1;SANAP3
6901636;429;1;SANAP3
6901637;429;1;SANAP3
6901701;429;1;TICMOC
6901639;429;1;SANAP3
3901925;429;1;SANAE
6902948;429;1;PHYSINDIEN
6901592;429;1;GMMC GEOVIDE
6902662;429;1;NARVAL
6901700;429;1;TICMOC
6902569;429;1;BioArgoMed
6902570;429;1;BioArgoMed
6901702;429;1;MAFIA
6901703;429;1;MAFIA
6901704;429;1;MAFIA
6901705;429;1;MAFIA
6901706;429;1;MAFIA
6901735;429;1;PIRATA FR25
6901736;429;1;PIRATA FR25
6901709;429;1;SCALOP
6901269;429;1;BATHYPELAGIC
6902555;429;1;JR304
6902556;429;1;JR304
6901710;429;1;SCALOP
6901711;429;1;SCALOP
6902625;429;1;AAG 101
6902601;429;1;n/a
6902602;429;1;n/a
6902604;429;1;AAG 101
6902603;429;1;AAG 101
6901712;429;1;SCALOP
6902605;429;1;AAG 101
6902622;429;1;AAG 101
6902621;429;1;AAG 101
6901713;429;1;SCALOP
6901714;429;1;SCALOP
6902626;429;1;AAG 101
6902623;429;1;AAG 101
6901715;429;1;SCALOP
6902624;429;1;AAG 101
6901716;429;1;SCALOP
6901717;429;1;SCALOP
6901737;429;1;PIRATA FR25
6904114;429;1;MSM102
6901718;429;1;ARGO-HERMIONE
6901742;429;1;EUROPA
6901727;429;1;ARGO-HERMIONE
6901728;429;1;RARA
6901744;429;1;EUROPA
6901743;429;1;EUROPA
6901729;429;1;RARA
6901745;429;1;EUROPA
6901732;429;1;PIRATA FR25
6901911;429;1;PS93.1
3902132;429;1;PIRATA FR28
6902648;429;1;MSM53
6901733;429;1;PIRATA FR25
6901640;429;1;SANAP3 -2014
6902729;429;1;NARVAL
6902562;429;1;JR304
6903054;429;1;PIRATA FR31
6902636;429;1;HUD2015030
6902638;429;1;RRS JCR
6901998;429;1;ATLANTIC CHARTER
6901841;429;1;n/a
6901686;429;1;Barcelona World Race
6901842;429;1;n/a
6901843;429;1;n/a
6901557;429;1;RAMA Program
7900529;429;1;MSM83
6902635;429;1;HUD2015030
6902577;429;1;PS88/2
6902580;429;1;PS88/2
6902581;429;1;PS88/2
6902582;429;1;PS88/2
6901588;429;1;VSF
6901624;429;1;VSF
6901638;429;1;SANAP3
6901758;429;1;RREX 2015
6902659;429;1;NARVAL
6901618;429;1;BLANGY ARNAUD
6901759;429;1;RREX 2015
7900593;429;1;AK2014-06
6901469;429;1;HYMEX SOP2
6901467;429;1;MOOSE/HYMEX
6903264;429;1;CALYPSO 2019
6901631;429;1;Geovide 2014
6901757;429;1;RREX 2015
6903200;429;1;n/a
6901602;429;1;RREX 2015
6901694;429;1;Barcelona World Race
6901622;429;1;Opportunité
6902040;429;1;HOR510615
6900890;429;1;AWARGO
6902640;429;1;RRS JCR
6902561;429;1;PS88/2
6902589;429;1;n/a
6901449;429;1;Opportunité
6901505;429;1;opportunité
6902642;429;1;RRS JCR
6902641;429;1;RRS JCR
6902826;429;1;PEACETIME
6902637;429;1;RRS JCR
6902038;429;1;HOR510615
6901707;429;1;PROTEVS med 2015
6901708;429;1;PROTEVS med 2015
6901774;429;1;Bio Argo Med 2
6901641;429;1;SANAP3 2014
6901642;429;1;SANAP3 2014
6901643;429;1;SANAP3 2014
3901596;429;1;PS98
3901592;429;1;PS98
3901593;429;1;PS98
6903199;429;1;LOGMEC16
6903198;429;1;n/a
3901594;429;1;PS98
6904136;429;1;SO285
3901595;429;1;PS98
6901470;429;1;HYMEX SOP2
6901609;429;1;PIRATA FR25
6901610;429;1;PIRATA FR25
7900493;429;1;ANT-XXIX (leg 2)
6904113;429;1;MSM102
7900559;429;1;M160
6901499;429;1;MoMARSAT
6901878;429;1;n/a
6902828;429;1;PEACETIME
6901471;429;1;HYMEX SOP2
6901868;429;1;Gush-Dan Eddy
6901906;429;1;2013109
6901476;429;1;MEDOCC 14
6901487;429;1;MOOSE/HYMEX
7900594;429;1;15AK2015-249
6901899;429;1;n/a
6901900;429;1;n/a
6902677;429;1;PIRATA FR26
6903701;429;1;SMHI_August
6901611;429;1;PIRATA FR26
4902602;429;1;DARKEDGE
6901886;429;1;November 2014 KRIPIS
6903152;429;1;n/a
6901972;429;1;n/a
6901971;429;1;n/a
6901676;429;1;CASSIOPEE
6900478;429;1;ANT XXV/1
6902617;429;1;HE451.2
6902663;429;1;VSF 2015
3901658;429;1;FGS Hessen
6901673;429;1;CASSIOPEE
6903153;429;1;n/a
6902610;429;1;M116-1
6902607;429;1;M116-1
6902609;429;1;M116-1
6901677;429;1;CASSIOPEE
6901674;429;1;CASSIOPEE
3901907;429;1;PROTEUS BTBP
6901678;429;1;CASSIOPEE
6901430;429;1;CASSIOPEE
3901929;429;1;MSM60
6902586;429;1;n/a
6902588;429;1;n/a
6902672;429;1;PPR 1511
6901975;429;1;n/a
6901905;429;1;2013109
6903184;429;1;n/a
6902690;429;1;PIRATA FR26
6903192;429;1;n/a
6902660;429;1;NARVAL
6901748;429;1;PLUMRHO leg 1
6901632;429;1;Geovide 2014
6902691;429;1;MOOSE
6902661;429;1;NARVAL
6900684;429;1;n/a
6901977;429;1;n/a
3901864;429;1;NARVAL_Leg3
6902876;429;1;MOOSE 2019
6901973;429;1;n/a
6901976;429;1;n/a
1402559;429;1;TRANSIT
6901595;429;1;RREX 2015
6902680;429;1;ASPEX
6901750;429;1;RREX 2015
6902692;429;1;MOOSE
6902930;429;1;PIRATA FR29
6901751;429;1;RREX 2015
6901752;429;1;RREX 2015
6902557;429;1;Jrsouth
6902558;429;1;Jrsouth
6902559;429;1;Jrsouth
6902560;429;1;Jrsouth
6900719;429;1;PIRATA FR20
6902613;429;1;M116-1
6903780;429;1;PERLE-3 cruise
7900491;429;1;PS103
6902953;429;1;NA
7900500;429;1;M133
6903234;429;1;Eastern Mediterranean
6902914;429;1;TV ATLANTIQUE
3901674;429;1;M148
6904134;429;1;Überfahrt Mindelo -> Las Palmas
6901257;429;1;Poseidon
6901280;429;1;CANALES SUMMER 2020
6901833;429;1;MN149 - EMBLAS II Joint Cruise
6901719;429;1;BOCATS - RREX
6901720;429;1;BOCATS - RREX
6901721;429;1;RREX 2015
6901722;429;1;RREX 2015
6901723;429;1;RREX 2015
6903189;429;1;n/a
6901724;429;1;RREX 2015
6901725;429;1;RREX 2015
6901726;429;1;BOCATS - RREX
6902737;429;1;SoCLIM
6902730;429;1;NARVAL
3901654;429;1;FGS Hessen
6902834;429;1;VSF 2018 - LONGUE ROUTE
3901941;429;1;BALTIC
6903010;429;1;RAPROCAN2012
3901940;429;1;BALTIC
6902749;429;1;RREX
6902753;429;1;RREX
3901989;429;1;VSF 2018 - LONGUE ROUTE
7900562;429;1;20190927
6903241;429;1;Ionian Sea
3901936;429;1;GOUGH
6903256;429;1;Southern Sector Pacific Ocean
6902901;429;1;MOOSE126 / BOUSSOLE203
6903232;429;1;Southern Ocean
6903231;429;1;Southern Ocean
6900804;429;1;15AK2011183
3901636;429;1;M140
6902982;429;1;BOCATS
6902818;429;1;OVIDE 2018
6902728;429;1;NARVAL
3901991;429;1;Transit
6903697;429;1;SMHI_October
6900891;429;1;SO243
6902969;429;1;BOUSSOLE
6902026;429;1;Combine2_2017
6902027;429;1;SMHI_June
6902783;429;1;NARVAL
6902028;429;1;0
6902694;429;1;NARVAL
6902785;429;1;NARVAL
6902029;429;1;0
3901622;429;1;M140
6902747;429;1;PIRATA BR
6902725;429;1;NARVAL
6902726;429;1;NARVAL
6902744;429;1;PIRATA BR
6902808;429;1;RREX
7900519;429;1;MSM82_2
6903267;429;1;Greek-Argo July 2019
3902128;429;1;JC159
3901632;429;1;MSM68
6902926;429;1;TPOS
6902745;429;1;PIRATA BR
6902938;429;1;OISO29
6903238;429;1;South Eastern Tyrrhenian Sea
6903178;429;1;n/a
4901429;429;1;M119
4901682;429;1;M120
4901683;429;1;M120
5903132;429;1;PIRATABRXI
5903133;429;1;PIRATABRXI
5903134;429;1;PNBOIA VI
6901844;429;1;n/a
6903702;429;1;Combine2_2020
6902650;429;1;M157
5903135;429;1;PNBOIA VI
6901665;429;1;VSF 2015
6902618;429;1;M119
6902619;429;1;M119
6902620;429;1;M119
6902629;429;1;M120
6902654;429;1;VSF 2015
6902665;429;1;PPR 1511
3901629;429;1;MSM64
6902931;429;1;ASPEX
7900514;429;1;PS117
6902674;429;1;Monitoreo Bio-Oceanografico 1601
6900738;429;1;ANT-XXV-2
6903779;429;1;PERLE-3 cruise
6902614;429;1;M116-1
4901424;429;1;MSM 43
4901421;429;1;MSM 43
6903182;429;1;n/a
6903188;429;1;n/a
6903179;429;1;SOMBA-GE2016
6902630;429;1;M120
6902655;429;1;VSF 2015
6902673;429;1;Monitoreo Bio-Oceanografico 1601
6902675;429;1;SAIL-OPPORTUNITY
6903183;429;1;n/a
6903190;429;1;n/a
6902676;429;1;SAIL-OPPORTUNITY
6904098;429;1;SO280
7900530;429;1;PS120
6902653;429;1;PIRATA FR26
6902689;429;1;PIRATA FR26
6903706;429;1;EuroArgo-rise
7900524;429;1;MSM83
6900792;429;1;SANAE 60
6903180;429;1;Mediterranée 2016
6902881;429;1;OVIDE 2018
3901851;429;1;AREX2016
3901850;429;1;AREX2016
3901840;429;1;M127
7900560;429;1;M160
6902644;429;1;MSM53
6902643;429;1;MSM53
3901845;429;1;M127
6902698;429;1;OPPORTUNITY (SAIL)
6902699;429;1;OPPORTUNITY (SAIL)
3901839;429;1;M127
7900497;429;1;M133
3901848;429;1;Méditerranée 2016
3901849;429;1;Méditerranée 2016
3901902;429;1;M133
6902657;429;1;VSF 2015
6904111;429;1;MSM102
3901602;429;1;HUD2016027
6903249;429;1;FixO3
6902913;429;1;PERLE 1
6903130;429;1;Boussole
6902693;429;1;MOOSE
6902927;429;1;TONGA
6902686;429;1;RREX
3901857;429;1;Transit
3901605;429;1;HUD2016027
6902813;429;1;INVESTIGATOR
3901868;429;1;M131
6900737;429;1;ANT-XXV-2
6901418;429;1;CORYMBE
6900477;429;1;ANT XXV/1
6900732;429;1;ANT-XXV-2
6901005;429;1;PIRATA FR22
6900636;429;1;MIDAS
6900721;429;1;PIRATA FR20
6901749;429;1;PLUMRHO leg 1
6902702;429;1;SHOMAN
6902703;429;1;SHOMAN
6902704;429;1;SHOMAN
6902705;429;1;SHOMAN
3901863;429;1;NARVAL_Leg3
3901874;429;1;2016618
3901847;429;1;M131
6900661;429;1;SOCIB ICTS
3901859;429;1;64PE614
3901876;429;1;Transit
3901873;429;1;2016618
6902706;429;1;RREX-BOCATS
3901861;429;1;64PE614
3901860;429;1;64PE614
6902697;429;1;RREX-BOCATS
3901684;429;1;MSM79
3901871;429;1;CV16030
6902687;429;1;MOOSE
6902688;429;1;MOOSE
3901841;429;1;M129
3901875;429;1;2016618
3901856;429;1;Transit
6902710;429;1;OPPORTUNITY (SAIL) VSF
6902722;429;1;PROTEVSMED2017-SCOUT
6902814;429;1;INVESTIGATOR
3901901;429;1;M133
6902769;429;1;PROTEVSMED2017-SCOUT
6902695;429;1;RREX-BOCATS
6903227;429;1;INFRA-OCE17
3902137;429;1;BALTIC GOTLAND DEEP
6902712;429;1;OPPORTUNITY (SAIL) VSF
7900496;429;1;M133
3901934;429;1;MSM60
3901666;429;1;MSM73
6902809;429;1;CIENPERU
7900506;429;1;MSM60-2
3901648;429;1;PS111
6902770;429;1;PROTEVSMED2017-SCOUT
7900502;429;1;M133
3901908;429;1;PROTEUS BTBP
6902879;429;1;BOUSSOLE
3901931;429;1;MSM60
3901930;429;1;MSM60
6902685;429;1;CIENPERU
6902761;429;1;PIRATA FR27
3901607;429;1;JRsouth
6900876;429;1;P471
6902715;429;1;OPPORTUNITY (SAIL) VSF
3901927;429;1;SANAE
6902709;429;1;RREX-BOCATS
3901928;429;1;SANAE
6902713;429;1;OPPORTUNITY (SAIL) VSF
3901935;429;1;MSM60
3901937;429;1;MSM60
6901271;429;1;RAPROCAN1810
7900507;429;1;MSM60-2
6902671;429;1;ARCTICNET AN17
6902670;429;1;ARCTICNET AN17
3902136;429;1;SO259-3
3901588;429;1;2016618
3901589;429;1;2016618
6903224;429;1;n/a
3901590;429;1;2016618
3901591;429;1;2016618
3901603;429;1;HUD2016027
3901604;429;1;HUD2016027
6903263;429;1;Adriatic Sea
3901608;429;1;JRsouth
3902125;429;1;AMT27-DY084
6903045;429;1;VENDEE GLOBE
3901641;429;1;EN606
3901642;429;1;EN606
6901259;429;1;Poseidon
6902806;429;1;OVIDE
6903248;429;1;Tyrrhenian Sea
6903255;429;1;Southern Sector Pacific Ocean
6902907;429;1;MOANA MATY
6902832;429;1;VSF 2017
6903006;429;1;NARVAL
3901673;429;1;M148
3901653;429;1;PS113
6904096;429;1;SO280
6903258;429;1;Southern Sector Pacific Ocean
3901651;429;1;PS113
3901650;429;1;PS113
6902919;429;1;TPOS
6903277;429;1;n/a
4901425;429;1;MSM 43
6902795;429;1;SHOMAN
6902800;429;1;OVIDE
6902796;429;1;SHOMAN
6902794;429;1;SHOMAN
3901672;429;1;M148
3902105;429;1;AREX2018
6902755;429;1;RREX
6903545;429;1;Environmental monitoring
6903548;429;1;Ocean mixing process studies
6903551;429;1;R/V Johan Hjort
6902030;429;1;0
6903547;429;1;Environmental monitoring
6903546;429;1;Environmental monitoring
6903246;429;1;Eastern Mediterranean Sea
6902858;429;1;MOANA MATY
6900790;429;1;PLA-21
6203707;429;1;TRANSIT
6203708;429;1;TRANSIT
3901665;429;1;Maria S Merian
3901660;429;1;Maria S. Merian
6903101;429;1;MAMBO
6901989;429;1;ANT1
6902992;429;1;SAGA 10W
6902993;429;1;SAGA 10W
6903038;429;1;BOCATS
6903086;429;1;BOCATS
6902994;429;1;SAGA 10W
7900574;429;1;PS124
7900575;429;1;PS124
6903039;429;1;BOCATS
6903589;429;1;2021713 (A-TWAIN)
6903051;429;1;SAGA 10W
6904074;429;1;SANAE61
6903040;429;1;BOCATS
6903097;429;1;ROEC
7900576;429;1;SANAE60
6904075;429;1;SANAE61
6903588;429;1;2021713 (A-TWAIN)
6901995;429;1;ATLANTIC CHARTER
6903099;429;1;ROEC
6903050;429;1;SAGA 10W
6903866;429;1;Monitoring 112020 (15AK3112020)
6904076;429;1;SANAE61
6904116;429;1;EMB261
6903708;429;1;EuroArgo-Rise
6903711;429;1;EuroArgo-Rise
6904077;429;1;SANAE61
6903709;429;1;EuroArgo-Rise
6903041;429;1;BOCATS
6904078;429;1;SANAE61
6903049;429;1;SAGA 10W
6903067;429;1;PIRATA FR31
6903710;429;1;EuroArgo-Rise
6903055;429;1;PIRATA FR31
6903048;429;1;SAGA 10W
6903106;429;1;SANAE61
6903872;429;1;BOCATS
6903042;429;1;BOCATS
6902965;429;1;MOOSE
6902981;429;1;SAGA 10W
6903082;429;1;BOCATS
6904119;429;1;SO285
6902979;429;1;SAGA 10W
6903107;429;1;SANAE61
6904141;429;1;ATLANTIC CHARTER
6903083;429;1;BOCATS
6902977;429;1;SAGA 10W
6902894;429;1;SAGA 10W
6903108;429;1;SANAE61
6902990;429;1;SAGA 10W
6902892;429;1;SAGA 10W
6903109;429;1;SANAE61
6904128;429;1;ATLANTIC CHARTER
6902991;429;1;SAGA 10W
6903085;429;1;BOCATS
6903081;429;1;BOCATS
6903080;429;1;BOCATS
6903807;429;1;MERSEA
7900585;429;1;MSM102
6903000;429;1;CE-18337-PM
3902001;429;1;ATLANTIC CHARTER
6903002;429;1;CE-18337-PM
6903003;429;1;CE-18337-PM
6901997;429;1;ATLANTIC CHARTER
6903121;429;1;ATLANTIC CHARTER
6903123;429;1;ATLANTIC CHARTER
6902961;429;1;CE-18337-PM
6903786;429;1;DeepLev Mooring Recovery
6903785;429;1;DeepLev Mooring Recovery
3902000;429;1;ATLANTIC CHARTER
6903122;429;1;ATLANTIC CHARTER
6904126;429;1;ATLANTIC CHARTER
6902963;429;1;CE-18337-PM
6904109;429;1;SO283
6903001;429;1;CE-18337-PM
6903004;429;1;CE-18337-PM
7900588;429;1;MSM102
6904142;429;1;ATLANTIC CHARTER
6904140;429;1;ATLANTIC CHARTER
6903800;429;1;Environmental monitoring ENI
6903005;429;1;CE-18337-PM
6903572;429;1;2020616
6903060;429;1;PHYSINDIEN 2021
6903062;429;1;PHYSINDIEN
6903573;429;1;2020616
6903063;429;1;PHYSINDIEN
6904084;429;1;AREX2021
7900549;429;1;Kronsprins Haakon
3902113;429;1;AREX2021
6903007;429;1;PHYSINDIEN 2021
6903125;429;1;DARKEDGE
6903126;429;1;DARKEDGE
6903124;429;1;BOUSSOLE
6904068;429;1;SANAE 60
7900550;429;1;Kronprins Haakon
6903058;429;1;PHYSINDIEN 2021
6903008;429;1;PHYSINDIEN
6903046;429;1;PHYSINDIEN 2021
6904085;429;1;AREX2021
6904067;429;1;SANAE 60
6903787;429;1;MREP20
6903127;429;1;DARKEDGE
3902114;429;1;AREX2021
6901284;429;1;CANALES AUTUMN 2021
6903806;429;1;MERSEA
6902956;429;1;MOOSE
6902999;429;1;CLAP
6903059;429;1;PHYSINDIEN 2021
6903078;429;1;ATLANTIC CHARTER
6903064;429;1;MOOSE
6903068;429;1;MOOSE
6904139;429;1;SO284
7900578;429;1;PS124
6904070;429;1;SANAE 60
6904072;429;1;SANAE 60
6903119;429;1;ARCTICGO
7900540;429;1;PS124
7900565;429;1;PS124
3901998;429;1;SANAE 60
6903014;429;1;PROTEUSGIB
6903298;429;1;Univ of AEGEAN Oceano Cruise
6903017;429;1;PROTEVS MED
6903016;429;1;PROTEUSGIB
6901994;429;1;ATLANTIC CHARTER
6903077;429;1;ATLANTIC CHARTER
6903015;429;1;PROTEVS MED
6903582;429;1;2021205
6903795;429;1;XXXV Antarctica expedition
6901996;429;1;ATLANTIC CHARTER
6903584;429;1;2021205
3902004;429;1;Total (15AK2021327)
6903869;429;1;BOCATS
6903801;429;1;-
6903120;429;1;ARCTICGO
3902005;429;1;Total (15AK2021327)
6904089;429;1;AT006
6904088;429;1;AT006
6904106;429;1;AT006
6904137;429;1;SO285
6903072;429;1;SO280
6903794;429;1;XXXV Antarctica expedition
3902115;429;1;BALTIC2021
6903870;429;1;BOCATS
6903036;429;1;BOCATS
6901282;429;1;CANALES AUTUMN 2021
6904138;429;1;SO285
6902987;429;1;MOOSE
6901283;429;1;CANALES AUTUMN 2021
6902998;429;1;CLAP
6902995;429;1;CLAP
6903802;429;1;Haifa Section 46
6902886;429;1;MSM94
6902888;429;1;MSM94
6904071;429;1;SANAE60
6904073;429;1;SANAE 60
4101760;429;1;TRANSIT
6900791;429;1;SANAE 60
6902682;429;1;Transit
6902681;429;1;Transit
6900793;429;1;SANAE 60
6902683;429;1;Transit
6900998;429;1;MOCOSED
7900577;429;1;SANAE 60
6904095;429;1;SANAE 60
6904066;429;1;SANAE 60
6904069;429;1;SANAE 60
6901854;429;1;XXiX Italian Antarctic Expedition
6904087;429;1;AREX2021
6903102;429;1;NARVAL
6904103;429;1;SO280
6904104;429;1;SO280
3901997;429;1;SANAE 60
6904235;429;1;SANAE61
6904105;429;1;SO280
6903297;429;1;HIMIOFOTS Oceanographic Cruise
6903803;429;1;HIMIOFOTS Oceanographic Cruise
6903804;429;1;HIMIOFOTS Oceanographic Cruise
